{
  "id": "1071af33-19ea-4940-b653-e29f23cc73a6",
  "prevId": "fd2e32f5-2dfa-4ba1-9139-f0a5c6a8bfa2",
  "version": "7",
  "dialect": "postgresql",
  "tables": {
    "public.bid_payment_accounts": {
      "name": "bid_payment_accounts",
      "schema": "",
      "columns": {
        "id": {
          "name": "id",
          "type": "uuid",
          "primaryKey": true,
          "notNull": true,
          "default": "gen_random_uuid()"
        },
        "bid_id": {
          "name": "bid_id",
          "type": "uuid",
          "primaryKey": false,
          "notNull": true
        },
        "payment_account_id": {
          "name": "payment_account_id",
          "type": "uuid",
          "primaryKey": false,
          "notNull": true
        },
        "custom_instructions": {
          "name": "custom_instructions",
          "type": "text",
          "primaryKey": false,
          "notNull": false
        }
      },
      "indexes": {},
      "foreignKeys": {
        "bid_payment_accounts_bid_id_bids_id_fk": {
          "name": "bid_payment_accounts_bid_id_bids_id_fk",
          "tableFrom": "bid_payment_accounts",
          "tableTo": "bids",
          "columnsFrom": [
            "bid_id"
          ],
          "columnsTo": [
            "id"
          ],
          "onDelete": "cascade",
          "onUpdate": "no action"
        },
        "bid_payment_accounts_payment_account_id_user_payment_accounts_id_fk": {
          "name": "bid_payment_accounts_payment_account_id_user_payment_accounts_id_fk",
          "tableFrom": "bid_payment_accounts",
          "tableTo": "user_payment_accounts",
          "columnsFrom": [
            "payment_account_id"
          ],
          "columnsTo": [
            "id"
          ],
          "onDelete": "cascade",
          "onUpdate": "no action"
        }
      },
      "compositePrimaryKeys": {},
      "uniqueConstraints": {},
      "policies": {},
      "checkConstraints": {},
      "isRLSEnabled": false
    },
    "public.bids": {
      "name": "bids",
      "schema": "",
      "columns": {
        "id": {
          "name": "id",
          "type": "uuid",
          "primaryKey": true,
          "notNull": true,
          "default": "gen_random_uuid()"
        },
        "creator_id": {
          "name": "creator_id",
          "type": "uuid",
          "primaryKey": false,
          "notNull": true
        },
        "bid_hash": {
          "name": "bid_hash",
          "type": "varchar(66)",
          "primaryKey": false,
          "notNull": true
        },
        "maker_address": {
          "name": "maker_address",
          "type": "varchar(42)",
          "primaryKey": false,
          "notNull": true
        },
        "from_token": {
          "name": "from_token",
          "type": "varchar(42)",
          "primaryKey": false,
          "notNull": true
        },
        "to_token": {
          "name": "to_token",
          "type": "varchar(42)",
          "primaryKey": false,
          "notNull": false,
          "default": "'0x0000000000000000000000000000000000000000'"
        },
        "price": {
          "name": "price",
          "type": "numeric",
          "primaryKey": false,
          "notNull": true
        },
        "min_amount": {
          "name": "min_amount",
          "type": "numeric",
          "primaryKey": false,
          "notNull": true
        },
        "max_amount": {
          "name": "max_amount",
          "type": "numeric",
          "primaryKey": false,
          "notNull": true
        },
        "kyc_level": {
          "name": "kyc_level",
          "type": "smallint",
          "primaryKey": false,
          "notNull": true
        },
        "expires_at": {
          "name": "expires_at",
          "type": "bigint",
          "primaryKey": false,
          "notNull": true
        },
        "nonce": {
          "name": "nonce",
          "type": "bigint",
          "primaryKey": false,
          "notNull": true
        },
        "signature": {
          "name": "signature",
          "type": "text",
          "primaryKey": false,
          "notNull": true
        },
        "status": {
          "name": "status",
          "type": "varchar(20)",
          "primaryKey": false,
          "notNull": false,
          "default": "'active'"
        },
        "fiat_currency": {
          "name": "fiat_currency",
          "type": "varchar(3)",
          "primaryKey": false,
          "notNull": false
        },
        "payment_methods": {
          "name": "payment_methods",
          "type": "text[]",
          "primaryKey": false,
          "notNull": false
        },
        "description": {
          "name": "description",
          "type": "text",
          "primaryKey": false,
          "notNull": false
        },
        "available_hours": {
          "name": "available_hours",
          "type": "text",
          "primaryKey": false,
          "notNull": false
        },
        "timezone": {
          "name": "timezone",
          "type": "varchar(50)",
          "primaryKey": false,
          "notNull": false,
          "default": "'UTC'"
        },
        "is_global": {
          "name": "is_global",
          "type": "boolean",
          "primaryKey": false,
          "notNull": false,
          "default": true
        },
        "allowed_countries": {
          "name": "allowed_countries",
          "type": "text[]",
          "primaryKey": false,
          "notNull": false
        },
        "is_private": {
          "name": "is_private",
          "type": "boolean",
          "primaryKey": false,
          "notNull": false,
          "default": false
        },
        "access_token": {
          "name": "access_token",
          "type": "varchar(64)",
          "primaryKey": false,
          "notNull": false
        }
      },
      "indexes": {},
      "foreignKeys": {
        "bids_creator_id_users_id_fk": {
          "name": "bids_creator_id_users_id_fk",
          "tableFrom": "bids",
          "tableTo": "users",
          "columnsFrom": [
            "creator_id"
          ],
          "columnsTo": [
            "id"
          ],
          "onDelete": "no action",
          "onUpdate": "no action"
        }
      },
      "compositePrimaryKeys": {},
      "uniqueConstraints": {
        "bids_bid_hash_unique": {
          "name": "bids_bid_hash_unique",
          "nullsNotDistinct": false,
          "columns": [
            "bid_hash"
          ]
        }
      },
      "policies": {},
      "checkConstraints": {},
      "isRLSEnabled": false
    },
    "public.chat_messages": {
      "name": "chat_messages",
      "schema": "",
      "columns": {
        "id": {
          "name": "id",
          "type": "uuid",
          "primaryKey": true,
          "notNull": true,
          "default": "gen_random_uuid()"
        },
        "order_id": {
          "name": "order_id",
          "type": "uuid",
          "primaryKey": false,
          "notNull": true
        },
        "sender_address": {
          "name": "sender_address",
          "type": "varchar(42)",
          "primaryKey": false,
          "notNull": true
        },
        "message_encrypted": {
          "name": "message_encrypted",
          "type": "text",
          "primaryKey": false,
          "notNull": true
        },
        "attachment_url": {
          "name": "attachment_url",
          "type": "text",
          "primaryKey": false,
          "notNull": false
        },
        "created_at": {
          "name": "created_at",
          "type": "timestamp",
          "primaryKey": false,
          "notNull": true,
          "default": "now()"
        }
      },
      "indexes": {},
      "foreignKeys": {
        "chat_messages_order_id_orders_id_fk": {
          "name": "chat_messages_order_id_orders_id_fk",
          "tableFrom": "chat_messages",
          "tableTo": "orders",
          "columnsFrom": [
            "order_id"
          ],
          "columnsTo": [
            "id"
          ],
          "onDelete": "no action",
          "onUpdate": "no action"
        }
      },
      "compositePrimaryKeys": {},
      "uniqueConstraints": {},
      "policies": {},
      "checkConstraints": {},
      "isRLSEnabled": false
    },
    "public.disputes": {
      "name": "disputes",
      "schema": "",
      "columns": {
        "id": {
          "name": "id",
          "type": "uuid",
          "primaryKey": true,
          "notNull": true,
          "default": "gen_random_uuid()"
        },
        "order_id": {
          "name": "order_id",
          "type": "uuid",
          "primaryKey": false,
          "notNull": true
        },
        "initiator_address": {
          "name": "initiator_address",
          "type": "varchar(42)",
          "primaryKey": false,
          "notNull": true
        },
        "reason": {
          "name": "reason",
          "type": "text",
          "primaryKey": false,
          "notNull": true
        },
        "evidence_urls": {
          "name": "evidence_urls",
          "type": "text[]",
          "primaryKey": false,
          "notNull": false
        },
        "status": {
          "name": "status",
          "type": "varchar(20)",
          "primaryKey": false,
          "notNull": false,
          "default": "'open'"
        },
        "buyer_share_bps": {
          "name": "buyer_share_bps",
          "type": "integer",
          "primaryKey": false,
          "notNull": false
        },
        "resolved_at": {
          "name": "resolved_at",
          "type": "bigint",
          "primaryKey": false,
          "notNull": false
        }
      },
      "indexes": {},
      "foreignKeys": {
        "disputes_order_id_orders_id_fk": {
          "name": "disputes_order_id_orders_id_fk",
          "tableFrom": "disputes",
          "tableTo": "orders",
          "columnsFrom": [
            "order_id"
          ],
          "columnsTo": [
            "id"
          ],
          "onDelete": "no action",
          "onUpdate": "no action"
        }
      },
      "compositePrimaryKeys": {},
      "uniqueConstraints": {
        "disputes_order_id_unique": {
          "name": "disputes_order_id_unique",
          "nullsNotDistinct": false,
          "columns": [
            "order_id"
          ]
        }
      },
      "policies": {},
      "checkConstraints": {},
      "isRLSEnabled": false
    },
    "public.users": {
      "name": "users",
      "schema": "",
      "columns": {
        "id": {
          "name": "id",
          "type": "uuid",
          "primaryKey": true,
          "notNull": true,
          "default": "gen_random_uuid()"
        },
        "privy_id": {
          "name": "privy_id",
          "type": "varchar(255)",
          "primaryKey": false,
          "notNull": true
        },
        "wallet_address": {
          "name": "wallet_address",
          "type": "varchar(42)",
          "primaryKey": false,
          "notNull": true
        },
        "email": {
          "name": "email",
          "type": "varchar(255)",
          "primaryKey": false,
          "notNull": false
        },
        "username": {
          "name": "username",
          "type": "varchar(50)",
          "primaryKey": false,
          "notNull": false
        },
        "bio": {
          "name": "bio",
          "type": "text",
          "primaryKey": false,
          "notNull": false
        },
        "avatar_url": {
          "name": "avatar_url",
          "type": "text",
          "primaryKey": false,
          "notNull": false
        },
        "kyc_level": {
          "name": "kyc_level",
          "type": "smallint",
          "primaryKey": false,
          "notNull": false,
          "default": 0
        },
        "kyc_expiry": {
          "name": "kyc_expiry",
          "type": "bigint",
          "primaryKey": false,
          "notNull": false
        },
        "total_trades": {
          "name": "total_trades",
          "type": "integer",
          "primaryKey": false,
          "notNull": false,
          "default": 0
        },
        "successful_trades": {
          "name": "successful_trades",
          "type": "integer",
          "primaryKey": false,
          "notNull": false,
          "default": 0
        },
        "created_at": {
          "name": "created_at",
          "type": "timestamp",
          "primaryKey": false,
          "notNull": true,
          "default": "now()"
        },
        "updated_at": {
          "name": "updated_at",
          "type": "timestamp",
          "primaryKey": false,
          "notNull": true,
          "default": "now()"
        }
      },
      "indexes": {},
      "foreignKeys": {},
      "compositePrimaryKeys": {},
      "uniqueConstraints": {
        "users_privy_id_unique": {
          "name": "users_privy_id_unique",
          "nullsNotDistinct": false,
          "columns": [
            "privy_id"
          ]
        },
        "users_wallet_address_unique": {
          "name": "users_wallet_address_unique",
          "nullsNotDistinct": false,
          "columns": [
            "wallet_address"
          ]
        }
      },
      "policies": {},
      "checkConstraints": {},
      "isRLSEnabled": false
    },
    "public.orders": {
      "name": "orders",
      "schema": "",
      "columns": {
        "id": {
          "name": "id",
          "type": "uuid",
          "primaryKey": true,
          "notNull": true,
          "default": "gen_random_uuid()"
        },
        "order_id": {
          "name": "order_id",
          "type": "varchar(66)",
          "primaryKey": false,
          "notNull": true
        },
        "bid_id": {
          "name": "bid_id",
          "type": "uuid",
          "primaryKey": false,
          "notNull": false
        },
        "maker_id": {
          "name": "maker_id",
          "type": "uuid",
          "primaryKey": false,
          "notNull": true
        },
        "taker_id": {
          "name": "taker_id",
          "type": "uuid",
          "primaryKey": false,
          "notNull": true
        },
        "maker_address": {
          "name": "maker_address",
          "type": "varchar(42)",
          "primaryKey": false,
          "notNull": true
        },
        "taker_address": {
          "name": "taker_address",
          "type": "varchar(42)",
          "primaryKey": false,
          "notNull": true
        },
        "from_token": {
          "name": "from_token",
          "type": "varchar(42)",
          "primaryKey": false,
          "notNull": true
        },
        "from_amount": {
          "name": "from_amount",
          "type": "numeric",
          "primaryKey": false,
          "notNull": true
        },
        "price": {
          "name": "price",
          "type": "numeric",
          "primaryKey": false,
          "notNull": true
        },
        "agreed_fee": {
          "name": "agreed_fee",
          "type": "numeric",
          "primaryKey": false,
          "notNull": true
        },
        "status": {
          "name": "status",
          "type": "varchar(20)",
          "primaryKey": false,
          "notNull": true
        },
        "opened_at": {
          "name": "opened_at",
          "type": "bigint",
          "primaryKey": false,
          "notNull": true
        },
        "payment_deadline": {
          "name": "payment_deadline",
          "type": "bigint",
          "primaryKey": false,
          "notNull": false
        },
        "confirm_deadline": {
          "name": "confirm_deadline",
          "type": "bigint",
          "primaryKey": false,
          "notNull": false
        },
        "payment_sent_at": {
          "name": "payment_sent_at",
          "type": "bigint",
          "primaryKey": false,
          "notNull": false
        },
        "cancel_requested_at": {
          "name": "cancel_requested_at",
          "type": "bigint",
          "primaryKey": false,
          "notNull": false
        },
        "tx_hash": {
          "name": "tx_hash",
          "type": "varchar(66)",
          "primaryKey": false,
          "notNull": false
        },
        "selected_payment_account_id": {
          "name": "selected_payment_account_id",
          "type": "uuid",
          "primaryKey": false,
          "notNull": false
        },
        "payment_method": {
          "name": "payment_method",
          "type": "varchar(50)",
          "primaryKey": false,
          "notNull": false
        },
        "payment_details_snapshot": {
          "name": "payment_details_snapshot",
          "type": "text",
          "primaryKey": false,
          "notNull": false
        },
        "payment_instructions": {
          "name": "payment_instructions",
          "type": "text",
          "primaryKey": false,
          "notNull": false
        },
        "payment_reference": {
          "name": "payment_reference",
          "type": "varchar(100)",
          "primaryKey": false,
          "notNull": false
        }
      },
      "indexes": {},
      "foreignKeys": {
        "orders_bid_id_bids_id_fk": {
          "name": "orders_bid_id_bids_id_fk",
          "tableFrom": "orders",
          "tableTo": "bids",
          "columnsFrom": [
            "bid_id"
          ],
          "columnsTo": [
            "id"
          ],
          "onDelete": "no action",
          "onUpdate": "no action"
        },
        "orders_maker_id_users_id_fk": {
          "name": "orders_maker_id_users_id_fk",
          "tableFrom": "orders",
          "tableTo": "users",
          "columnsFrom": [
            "maker_id"
          ],
          "columnsTo": [
            "id"
          ],
          "onDelete": "no action",
          "onUpdate": "no action"
        },
        "orders_taker_id_users_id_fk": {
          "name": "orders_taker_id_users_id_fk",
          "tableFrom": "orders",
          "tableTo": "users",
          "columnsFrom": [
            "taker_id"
          ],
          "columnsTo": [
            "id"
          ],
          "onDelete": "no action",
          "onUpdate": "no action"
        },
        "orders_selected_payment_account_id_user_payment_accounts_id_fk": {
          "name": "orders_selected_payment_account_id_user_payment_accounts_id_fk",
          "tableFrom": "orders",
          "tableTo": "user_payment_accounts",
          "columnsFrom": [
            "selected_payment_account_id"
          ],
          "columnsTo": [
            "id"
          ],
          "onDelete": "no action",
          "onUpdate": "no action"
        }
      },
      "compositePrimaryKeys": {},
      "uniqueConstraints": {
        "orders_order_id_unique": {
          "name": "orders_order_id_unique",
          "nullsNotDistinct": false,
          "columns": [
            "order_id"
          ]
        }
      },
      "policies": {},
      "checkConstraints": {},
      "isRLSEnabled": false
    },
    "public.user_payment_accounts": {
      "name": "user_payment_accounts",
      "schema": "",
      "columns": {
        "id": {
          "name": "id",
          "type": "uuid",
          "primaryKey": true,
          "notNull": true,
          "default": "gen_random_uuid()"
        },
        "user_id": {
          "name": "user_id",
          "type": "uuid",
          "primaryKey": false,
          "notNull": true
        },
        "payment_method": {
          "name": "payment_method",
          "type": "varchar(50)",
          "primaryKey": false,
          "notNull": true
        },
        "payment_details_encrypted": {
          "name": "payment_details_encrypted",
          "type": "text",
          "primaryKey": false,
          "notNull": true
        },
        "label": {
          "name": "label",
          "type": "varchar(100)",
          "primaryKey": false,
          "notNull": false
        },
        "currency": {
          "name": "currency",
          "type": "varchar(3)",
          "primaryKey": false,
          "notNull": false
        },
        "is_default": {
          "name": "is_default",
          "type": "boolean",
          "primaryKey": false,
          "notNull": false,
          "default": false
        },
        "is_verified": {
          "name": "is_verified",
          "type": "boolean",
          "primaryKey": false,
          "notNull": false,
          "default": false
        },
        "is_active": {
          "name": "is_active",
          "type": "boolean",
          "primaryKey": false,
          "notNull": false,
          "default": true
        },
        "created_at": {
          "name": "created_at",
          "type": "timestamp",
          "primaryKey": false,
          "notNull": false,
          "default": "now()"
        },
        "updated_at": {
          "name": "updated_at",
          "type": "timestamp",
          "primaryKey": false,
          "notNull": false,
          "default": "now()"
        }
      },
      "indexes": {},
      "foreignKeys": {
        "user_payment_accounts_user_id_users_id_fk": {
          "name": "user_payment_accounts_user_id_users_id_fk",
          "tableFrom": "user_payment_accounts",
          "tableTo": "users",
          "columnsFrom": [
            "user_id"
          ],
          "columnsTo": [
            "id"
          ],
          "onDelete": "cascade",
          "onUpdate": "no action"
        }
      },
      "compositePrimaryKeys": {},
      "uniqueConstraints": {},
      "policies": {},
      "checkConstraints": {},
      "isRLSEnabled": false
    }
  },
  "enums": {},
  "schemas": {},
  "sequences": {},
  "roles": {},
  "policies": {},
  "views": {},
  "_meta": {
    "columns": {},
    "schemas": {},
    "tables": {}
  }
}