{
  "version": "7",
  "dialect": "postgresql",
  "entries": [
    {
      "idx": 0,
      "version": "7",
      "when": 1762745746553,
      "tag": "0000_great_gravity",
      "breakpoints": true
    },
    {
      "idx": 1,
      "version": "7",
      "when": 1762753497814,
      "tag": "0001_watery_quicksilver",
      "breakpoints": true
    },
    {
      "idx": 2,
      "version": "7",
      "when": 1762754165308,
      "tag": "0002_talented_krista_starr",
      "breakpoints": true
    },
    {
      "idx": 3,
      "version": "7",
      "when": 1762842512885,
      "tag": "0003_curved_silverclaw",
      "breakpoints": true
    },
    {
      "idx": 4,
      "version": "7",
      "when": 1762920323484,
      "tag": "0004_acoustic_william_stryker",
      "breakpoints": true
    },
    {
      "idx": 5,
      "version": "7",
      "when": 1763513211574,
      "tag": "0005_certain_krista_starr",
      "breakpoints": true
    },
    {
      "idx": 6,
      "version": "7",
      "when": 1763657487503,
      "tag": "0006_marvelous_pandemic",
      "breakpoints": true
    },
    {
      "idx": 7,
      "version": "7",
      "when": 1763657540592,
      "tag": "0007_serious_metal_master",
      "breakpoints": true
    },
    {
      "idx": 8,
      "version": "7",
      "when": 1763696557712,
      "tag": "0008_thankful_electro",
      "breakpoints": true
    },
    {
      "idx": 9,
      "version": "7",
      "when": 1767573181463,
      "tag": "0009_neat_white_queen",
      "breakpoints": true
    }
  ]
}